{"epochs": [1, 2, 3, 4, 5, 6, 7, 8, 9, 10, 11, 12, 13, 14, 15, 16, 17, 18, 19, 20, 21, 22, 23, 24, 25, 26, 27, 28, 29, 30], "train_loss": [2.606441130541792, 2.3288657761583424, 2.044433342085944, 1.95814329686791, 1.8889476024743281, 1.7684427830908034, 1.5826769772202078, 1.4480470473116094, 1.3209168917000895, 1.2802100280920665, 1.1778068485284092, 1.1073352896203899, 1.0463232973007242, 1.018296669528942, 0.9825463210693514, 0.9308468041696933, 0.9157296921869721, 0.8747590893145764, 0.8294659022128943, 0.8204775995979405, 0.7978035333481702, 0.7739600612960681, 0.7711584170659384, 0.7169147305416338, 0.6758989231152968, 0.6783549079690316, 0.6638751762984979, 0.6412695382129062, 0.624790848054067, 0.6079761823168909], "train_acc": [11.66217715100618, 16.843606401521154, 23.736333386151166, 27.111392806211377, 30.83504991285058, 36.460148946284264, 42.101093329107904, 46.34764696561559, 51.418158770400886, 53.49389954048487, 57.930597369672, 61.828553319600694, 63.63492315005546, 65.59974647440976, 67.24766281096498, 69.00649659324988, 69.70369196640786, 70.6227222310252, 73.44319442243702, 74.3780700364443, 74.7583584218032, 75.45555379496118, 75.36048169862146, 77.61052131199493, 78.73554111868167, 78.76723181746158, 79.62288068451909, 79.89225162414832, 80.52606559974647, 81.19157027412454], "val_loss": [1.802828094959259, 1.148500799536705, 0.8633819311857224, 0.8089392718672752, 0.6929588669538498, 0.6854083040356636], "val_acc": [33.86176284083703, 59.28979074191503, 71.5282181357007, 73.81103360811667, 79.3278376664553, 80.15218769816107]}