{"epochs": [1, 2, 3, 4, 5, 6, 7, 8, 9, 10, 11, 12, 13, 14, 15, 16, 17, 18, 19, 20, 21, 22, 23, 24, 25, 26, 27, 28, 29, 30, 33, 34, 35, 36, 37, 38, 39, 40, 41, 42, 43, 44, 45, 46, 47, 48, 49, 50], "train_loss": [2.606441130541792, 2.3288657761583424, 2.044433342085944, 1.95814329686791, 1.8889476024743281, 1.7684427830908034, 1.5826769772202078, 1.4480470473116094, 1.3209168917000895, 1.2802100280920665, 1.1778068485284092, 1.1073352896203899, 1.0463232973007242, 1.018296669528942, 0.9825463210693514, 0.9308468041696933, 0.9157296921869721, 0.8747590893145764, 0.8294659022128943, 0.8204775995979405, 0.7978035333481702, 0.7739600612960681, 0.7711584170659384, 0.7169147305416338, 0.6758989231152968, 0.6783549079690316, 0.6638751762984979, 0.6412695382129062, 0.624790848054067, 0.6079761823168909, 0.6023267120724977, 0.5787740466420097, 0.5769195400103174, 0.5421573534758404, 0.5440940445270201, 0.5500134266536645, 0.5247300472674947, 0.4832420608386247, 0.5120624199208587, 0.48027317639854217, 0.46902553872628644, 0.4431052359968725, 0.44665916271583, 0.45686102692376485, 0.45577952073830547, 0.4021193744483018, 0.42035934445683404, 0.3873436109285162], "train_acc": [11.66217715100618, 16.843606401521154, 23.736333386151166, 27.111392806211377, 30.83504991285058, 36.460148946284264, 42.101093329107904, 46.34764696561559, 51.418158770400886, 53.49389954048487, 57.930597369672, 61.828553319600694, 63.63492315005546, 65.59974647440976, 67.24766281096498, 69.00649659324988, 69.70369196640786, 70.6227222310252, 73.44319442243702, 74.3780700364443, 74.7583584218032, 75.45555379496118, 75.36048169862146, 77.61052131199493, 78.73554111868167, 78.76723181746158, 79.62288068451909, 79.89225162414832, 80.52606559974647, 81.19157027412454, 81.35002376802409, 82.12644588813183, 82.3799714783711, 83.52083663444779, 83.15639359847884, 83.44160988749802, 83.94866106797654, 85.12121692283314, 83.72682617651719, 85.12121692283314, 86.04024718745049, 86.24623672951988, 86.23039138012993, 85.69164950087149, 86.23039138012993, 87.6881635240057, 87.3078751386468, 87.84661701790525], "val_loss": [1.802828094959259, 1.148500799536705, 0.8633819311857224, 0.8089392718672752, 0.6929588669538498, 0.6854083040356636, 0.6400391110777854, 0.7831598216295242, 0.6591804874688387, 0.6637034891545772], "val_acc": [33.86176284083703, 59.28979074191503, 71.5282181357007, 73.81103360811667, 79.3278376664553, 80.15218769816107, 80.72289156626506, 79.51807228915662, 83.3861762840837, 83.13253012048193]}